[
    {
        "UserName": "pbaglow0",
        "FirstName": "Paola",
        "LastName": "Baglow",
        "Email": "pbaglow0@alexa.com",
        "Address": "6 Lakewood Gardens Park",
        "CityName": "Laixi",
        "Country": "China"
    },
    {
        "UserName": "bburkart1",
        "FirstName": "Barbara",
        "LastName": "Burkart",
        "Email": "bburkart1@state.tx.us",
        "Address": "26158 1st Park",
        "CityName": "Hekou",
        "Country": "China"
    },
    {
        "UserName": "bchander2",
        "FirstName": "Bertram",
        "LastName": "Chander",
        "Email": "bchander2@vimeo.com",
        "Address": "33 Novick Point",
        "CityName": "Banghai",
        "Country": "China"
    },
    {
        "UserName": "nbummfrey3",
        "FirstName": "Noami",
        "LastName": "Bummfrey",
        "Email": "nbummfrey3@unc.edu",
        "Address": "3711 Golden Leaf Circle",
        "CityName": "Careva Ćuprija",
        "Country": "Bosnia and Herzegovina"
    },
    {
        "UserName": "csailor4",
        "FirstName": "Celle",
        "LastName": "Sailor",
        "Email": "csailor4@opensource.org",
        "Address": "063 Superior Parkway",
        "CityName": "Obong",
        "Country": "Philippines"
    },
    {
        "UserName": "abryers5",
        "FirstName": "Ashlen",
        "LastName": "Bryers",
        "Email": "abryers5@hubpages.com",
        "Address": "55 Loomis Court",
        "CityName": "Mekarsari",
        "Country": "Indonesia"
    },
    {
        "UserName": "areid6",
        "FirstName": "Aymer",
        "LastName": "Reid",
        "Email": "areid6@msn.com",
        "Address": "4061 Ronald Regan Trail",
        "CityName": "Nikolayevskaya",
        "Country": "Russia"
    },
    {
        "UserName": "bkindleysides7",
        "FirstName": "Bruis",
        "LastName": "Kindleysides",
        "Email": "bkindleysides7@spotify.com",
        "Address": "9 Artisan Pass",
        "CityName": "Namikupa",
        "Country": "Tanzania"
    },
    {
        "UserName": "lmccole8",
        "FirstName": "Lacie",
        "LastName": "McCole",
        "Email": "lmccole8@github.com",
        "Address": "7754 Armistice Crossing",
        "CityName": "Chasŏng",
        "Country": "North Korea"
    },
    {
        "UserName": "jbaysting9",
        "FirstName": "Janessa",
        "LastName": "Baysting",
        "Email": "jbaysting9@sina.com.cn",
        "Address": "33945 Schurz Center",
        "CityName": "Parakanbeusi",
        "Country": "Indonesia"
    },
    {
        "UserName": "dalesa",
        "FirstName": "Dorie",
        "LastName": "Ales",
        "Email": "dalesa@tumblr.com",
        "Address": "25182 Stone Corner Road",
        "CityName": "Bududa",
        "Country": "Uganda"
    },
    {
        "UserName": "nfeatherstonhalghb",
        "FirstName": "Nilson",
        "LastName": "Featherstonhalgh",
        "Email": "nfeatherstonhalghb@cocolog-nifty.com",
        "Address": "731 Becker Way",
        "CityName": "Phoenix",
        "Country": "United States"
    },
    {
        "UserName": "cmarietonc",
        "FirstName": "Carmen",
        "LastName": "Marieton",
        "Email": "cmarietonc@jimdo.com",
        "Address": "51 Glendale Place",
        "CityName": "Rumbek",
        "Country": "South Sudan"
    },
    {
        "UserName": "jkatted",
        "FirstName": "Janenna",
        "LastName": "Katte",
        "Email": "jkatted@about.me",
        "Address": "1 Blue Bill Park Parkway",
        "CityName": "Sokyryany",
        "Country": "Ukraine"
    },
    {
        "UserName": "ldaunaye",
        "FirstName": "Lane",
        "LastName": "Daunay",
        "Email": "ldaunaye@shutterfly.com",
        "Address": "0 Oneill Junction",
        "CityName": "La Dicha",
        "Country": "Philippines"
    },
    {
        "UserName": "kdevonportf",
        "FirstName": "Kendall",
        "LastName": "Devonport",
        "Email": "kdevonportf@spotify.com",
        "Address": "379 Morning Road",
        "CityName": "Quzi",
        "Country": "China"
    },
    {
        "UserName": "awillimottg",
        "FirstName": "Austina",
        "LastName": "Willimott",
        "Email": "awillimottg@amazon.com",
        "Address": "8 Miller Court",
        "CityName": "Telengsari",
        "Country": "Indonesia"
    },
    {
        "UserName": "reldersh",
        "FirstName": "Rozina",
        "LastName": "Elders",
        "Email": "reldersh@list-manage.com",
        "Address": "88066 Little Fleur Court",
        "CityName": "Victoria",
        "Country": "Grenada"
    },
    {
        "UserName": "imaccaddiei",
        "FirstName": "Isador",
        "LastName": "Maccaddie",
        "Email": "imaccaddiei@wunderground.com",
        "Address": "70 Hanover Lane",
        "CityName": "Nowe Grocholice",
        "Country": "Poland"
    },
    {
        "UserName": "jlamacraftj",
        "FirstName": "Jeannette",
        "LastName": "Lamacraft",
        "Email": "jlamacraftj@google.com.br",
        "Address": "99 Sage Crossing",
        "CityName": "Huwei",
        "Country": "China"
    },
    {
        "UserName": "dsextonek",
        "FirstName": "Dee dee",
        "LastName": "Sextone",
        "Email": "dsextonek@wunderground.com",
        "Address": "7567 Schiller Court",
        "CityName": "Datuan",
        "Country": "China"
    },
    {
        "UserName": "etrevershl",
        "FirstName": "Estelle",
        "LastName": "Treversh",
        "Email": "etrevershl@tamu.edu",
        "Address": "987 Farmco Road",
        "CityName": "Kampungladang",
        "Country": "Indonesia"
    },
    {
        "UserName": "fcasolm",
        "FirstName": "Flemming",
        "LastName": "Casol",
        "Email": "fcasolm@51.la",
        "Address": "9 La Follette Center",
        "CityName": "Hangu",
        "Country": "Pakistan"
    },
    {
        "UserName": "sdalesion",
        "FirstName": "Shaun",
        "LastName": "D'Alesio",
        "Email": "sdalesion@cargocollective.com",
        "Address": "092 Lerdahl Point",
        "CityName": "Luján de Cuyo",
        "Country": "Argentina"
    },
    {
        "UserName": "ggroobyo",
        "FirstName": "Gary",
        "LastName": "Grooby",
        "Email": "ggroobyo@vimeo.com",
        "Address": "52024 Burrows Street",
        "CityName": "Cibeureum Satu",
        "Country": "Indonesia"
    },
    {
        "UserName": "msteynorp",
        "FirstName": "Mirabelle",
        "LastName": "Steynor",
        "Email": "msteynorp@patch.com",
        "Address": "750 Eliot Circle",
        "CityName": "Cockburn Town",
        "Country": "Bahamas"
    },
    {
        "UserName": "ddoutchq",
        "FirstName": "Dania",
        "LastName": "Doutch",
        "Email": "ddoutchq@blogspot.com",
        "Address": "1 Gulseth Trail",
        "CityName": "Pinggan",
        "Country": "Indonesia"
    },
    {
        "UserName": "awillasr",
        "FirstName": "Alphonse",
        "LastName": "Willas",
        "Email": "awillasr@gov.uk",
        "Address": "3700 Butternut Hill",
        "CityName": "Kęty",
        "Country": "Poland"
    },
    {
        "UserName": "clongmans",
        "FirstName": "Clea",
        "LastName": "Longman",
        "Email": "clongmans@mtv.com",
        "Address": "67 Hansons Street",
        "CityName": "Jindou",
        "Country": "China"
    },
    {
        "UserName": "nnarramoret",
        "FirstName": "Ninnette",
        "LastName": "Narramore",
        "Email": "nnarramoret@bandcamp.com",
        "Address": "7529 Stoughton Trail",
        "CityName": "Fenglu",
        "Country": "China"
    },
    {
        "UserName": "rcullefordu",
        "FirstName": "Robbert",
        "LastName": "Culleford",
        "Email": "rcullefordu@slate.com",
        "Address": "50 Glendale Center",
        "CityName": "Pasir Mas",
        "Country": "Malaysia"
    },
    {
        "UserName": "abrettonerv",
        "FirstName": "Aigneis",
        "LastName": "Brettoner",
        "Email": "abrettonerv@photobucket.com",
        "Address": "8 Eagle Crest Crossing",
        "CityName": "Sarnia",
        "Country": "Canada"
    },
    {
        "UserName": "ldurow",
        "FirstName": "Leighton",
        "LastName": "Duro",
        "Email": "ldurow@sciencedirect.com",
        "Address": "9688 Stone Corner Way",
        "CityName": "Quixadá",
        "Country": "Brazil"
    },
    {
        "UserName": "epottberryx",
        "FirstName": "Efrem",
        "LastName": "Pottberry",
        "Email": "epottberryx@independent.co.uk",
        "Address": "8 Norway Maple Alley",
        "CityName": "Morales",
        "Country": "Colombia"
    },
    {
        "UserName": "klockyery",
        "FirstName": "Kathryn",
        "LastName": "Lockyer",
        "Email": "klockyery@google.ru",
        "Address": "5 Mcguire Crossing",
        "CityName": "Velké Hoštice",
        "Country": "Czech Republic"
    },
    {
        "UserName": "charnerz",
        "FirstName": "Conroy",
        "LastName": "Harner",
        "Email": "charnerz@webeden.co.uk",
        "Address": "802 Oxford Lane",
        "CityName": "Kuchurhan",
        "Country": "Ukraine"
    },
    {
        "UserName": "lstrevens10",
        "FirstName": "Lotty",
        "LastName": "Strevens",
        "Email": "lstrevens10@mapquest.com",
        "Address": "50959 Stone Corner Plaza",
        "CityName": "San Pedro",
        "Country": "Philippines"
    },
    {
        "UserName": "rcleal11",
        "FirstName": "Rosita",
        "LastName": "Cleal",
        "Email": "rcleal11@howstuffworks.com",
        "Address": "29 Lotheville Avenue",
        "CityName": "Kabin Buri",
        "Country": "Thailand"
    },
    {
        "UserName": "lkington12",
        "FirstName": "Lexy",
        "LastName": "Kington",
        "Email": "lkington12@webmd.com",
        "Address": "90212 Grover Parkway",
        "CityName": "Pudong",
        "Country": "China"
    },
    {
        "UserName": "jmcdougall13",
        "FirstName": "Julienne",
        "LastName": "McDougall",
        "Email": "jmcdougall13@gizmodo.com",
        "Address": "21 Mccormick Junction",
        "CityName": "West Jerusalem",
        "Country": "Israel"
    },
    {
        "UserName": "ebilsborrow14",
        "FirstName": "Emelda",
        "LastName": "Bilsborrow",
        "Email": "ebilsborrow14@seesaa.net",
        "Address": "28 Eastwood Junction",
        "CityName": "Tanahedang",
        "Country": "Indonesia"
    },
    {
        "UserName": "htomkiss15",
        "FirstName": "Horace",
        "LastName": "Tomkiss",
        "Email": "htomkiss15@twitter.com",
        "Address": "50826 South Pass",
        "CityName": "Santa Teresita",
        "Country": "Philippines"
    },
    {
        "UserName": "vmusterd16",
        "FirstName": "Vivianne",
        "LastName": "Musterd",
        "Email": "vmusterd16@w3.org",
        "Address": "1139 6th Point",
        "CityName": "Chợ Chu",
        "Country": "Vietnam"
    },
    {
        "UserName": "nmacgiollapheadair17",
        "FirstName": "Neale",
        "LastName": "MacGiolla Pheadair",
        "Email": "nmacgiollapheadair17@google.com",
        "Address": "52834 Gina Lane",
        "CityName": "Madur",
        "Country": "Indonesia"
    },
    {
        "UserName": "abrugh18",
        "FirstName": "Alric",
        "LastName": "Brugh",
        "Email": "abrugh18@weebly.com",
        "Address": "1004 Mitchell Parkway",
        "CityName": "Polo",
        "Country": "Indonesia"
    },
    {
        "UserName": "fschukraft19",
        "FirstName": "Ferris",
        "LastName": "Schukraft",
        "Email": "fschukraft19@indiatimes.com",
        "Address": "7 North Trail",
        "CityName": "Lijie",
        "Country": "China"
    },
    {
        "UserName": "ljezard1a",
        "FirstName": "Lucien",
        "LastName": "Jezard",
        "Email": "ljezard1a@ibm.com",
        "Address": "4378 Superior Point",
        "CityName": "Caldas da Felgueira",
        "Country": "Portugal"
    },
    {
        "UserName": "bjacobson1b",
        "FirstName": "Barnabe",
        "LastName": "Jacobson",
        "Email": "bjacobson1b@dell.com",
        "Address": "69768 Stephen Avenue",
        "CityName": "Arivonimamo",
        "Country": "Madagascar"
    },
    {
        "UserName": "chearmon1c",
        "FirstName": "Ciel",
        "LastName": "Hearmon",
        "Email": "chearmon1c@globo.com",
        "Address": "9211 Corben Parkway",
        "CityName": "Zapod",
        "Country": "Albania"
    },
    {
        "UserName": "nfoyle1d",
        "FirstName": "Nadia",
        "LastName": "Foyle",
        "Email": "nfoyle1d@multiply.com",
        "Address": "24 Village Green Terrace",
        "CityName": "Östersund",
        "Country": "Sweden"
    },
    {
        "UserName": "odahlman1e",
        "FirstName": "Oates",
        "LastName": "Dahlman",
        "Email": "odahlman1e@house.gov",
        "Address": "63 Logan Terrace",
        "CityName": "Longshan",
        "Country": "China"
    },
    {
        "UserName": "rlargent1f",
        "FirstName": "Ronda",
        "LastName": "Largent",
        "Email": "rlargent1f@istockphoto.com",
        "Address": "8726 Schurz Hill",
        "CityName": "Vergara",
        "Country": "Uruguay"
    },
    {
        "UserName": "hgerbl1g",
        "FirstName": "Halimeda",
        "LastName": "Gerbl",
        "Email": "hgerbl1g@va.gov",
        "Address": "95138 Lakewood Gardens Center",
        "CityName": "Cherga",
        "Country": "Russia"
    },
    {
        "UserName": "cgegay1h",
        "FirstName": "Cristal",
        "LastName": "Gegay",
        "Email": "cgegay1h@independent.co.uk",
        "Address": "30557 Hoard Way",
        "CityName": "Aldeia",
        "Country": "Portugal"
    },
    {
        "UserName": "jgorke1i",
        "FirstName": "Jeana",
        "LastName": "Gorke",
        "Email": "jgorke1i@google.ca",
        "Address": "16086 Towne Pass",
        "CityName": "Pore",
        "Country": "Colombia"
    },
    {
        "UserName": "lbridel1j",
        "FirstName": "Lothario",
        "LastName": "Bridel",
        "Email": "lbridel1j@tuttocitta.it",
        "Address": "047 Mosinee Crossing",
        "CityName": "Petrovskoye",
        "Country": "Russia"
    },
    {
        "UserName": "sminero1k",
        "FirstName": "Spense",
        "LastName": "Minero",
        "Email": "sminero1k@cisco.com",
        "Address": "140 Mifflin Alley",
        "CityName": "Kasama",
        "Country": "Zambia"
    },
    {
        "UserName": "kciraldo1l",
        "FirstName": "Korney",
        "LastName": "Ciraldo",
        "Email": "kciraldo1l@whitehouse.gov",
        "Address": "31 Canary Street",
        "CityName": "Yanjiatai",
        "Country": "China"
    },
    {
        "UserName": "qwalby1m",
        "FirstName": "Quincey",
        "LastName": "Walby",
        "Email": "qwalby1m@cisco.com",
        "Address": "58103 Golden Leaf Plaza",
        "CityName": "Picos",
        "Country": "Brazil"
    },
    {
        "UserName": "cbasham1n",
        "FirstName": "Cahra",
        "LastName": "Basham",
        "Email": "cbasham1n@wix.com",
        "Address": "28694 Kennedy Point",
        "CityName": "Xijiao",
        "Country": "China"
    },
    {
        "UserName": "twaind1o",
        "FirstName": "Teena",
        "LastName": "Waind",
        "Email": "twaind1o@adobe.com",
        "Address": "1213 Chinook Park",
        "CityName": "Hatsukaichi",
        "Country": "Japan"
    },
    {
        "UserName": "jrubinsohn1p",
        "FirstName": "Juana",
        "LastName": "Rubinsohn",
        "Email": "jrubinsohn1p@moonfruit.com",
        "Address": "50 Messerschmidt Road",
        "CityName": "Mstów",
        "Country": "Poland"
    },
    {
        "UserName": "gclymer1q",
        "FirstName": "Gabriel",
        "LastName": "Clymer",
        "Email": "gclymer1q@wix.com",
        "Address": "15164 Lindbergh Court",
        "CityName": "Sumbersarikrajan",
        "Country": "Indonesia"
    },
    {
        "UserName": "bgronav1r",
        "FirstName": "Babs",
        "LastName": "Gronav",
        "Email": "bgronav1r@gravatar.com",
        "Address": "8 Grayhawk Point",
        "CityName": "Landvetter",
        "Country": "Sweden"
    },
    {
        "UserName": "rmckeran1s",
        "FirstName": "Rodie",
        "LastName": "McKeran",
        "Email": "rmckeran1s@php.net",
        "Address": "0 Merchant Hill",
        "CityName": "Iwkowa",
        "Country": "Poland"
    },
    {
        "UserName": "amckeady1t",
        "FirstName": "Adriano",
        "LastName": "McKeady",
        "Email": "amckeady1t@stumbleupon.com",
        "Address": "31 Homewood Terrace",
        "CityName": "Eskilstuna",
        "Country": "Sweden"
    },
    {
        "UserName": "ggamlin1u",
        "FirstName": "Geneva",
        "LastName": "Gamlin",
        "Email": "ggamlin1u@unicef.org",
        "Address": "846 Union Point",
        "CityName": "Kozje",
        "Country": "Slovenia"
    },
    {
        "UserName": "aelmer1v",
        "FirstName": "Alberto",
        "LastName": "Elmer",
        "Email": "aelmer1v@sourceforge.net",
        "Address": "708 Cambridge Park",
        "CityName": "Zhongzhai",
        "Country": "China"
    },
    {
        "UserName": "lfelmingham1w",
        "FirstName": "Lynn",
        "LastName": "Felmingham",
        "Email": "lfelmingham1w@google.co.jp",
        "Address": "826 Straubel Place",
        "CityName": "Medellín",
        "Country": "Colombia"
    },
    {
        "UserName": "bgoodlud1x",
        "FirstName": "Benito",
        "LastName": "Goodlud",
        "Email": "bgoodlud1x@kickstarter.com",
        "Address": "1725 Buhler Crossing",
        "CityName": "Jianqiao",
        "Country": "China"
    },
    {
        "UserName": "clillicrap1y",
        "FirstName": "Cherin",
        "LastName": "Lillicrap",
        "Email": "clillicrap1y@google.pl",
        "Address": "43 Londonderry Hill",
        "CityName": "Tozeur",
        "Country": "Tunisia"
    },
    {
        "UserName": "gvanzon1z",
        "FirstName": "Glory",
        "LastName": "Van Zon",
        "Email": "gvanzon1z@liveinternet.ru",
        "Address": "70164 Blackbird Pass",
        "CityName": "Panjing",
        "Country": "China"
    },
    {
        "UserName": "ccharrisson20",
        "FirstName": "Colly",
        "LastName": "Charrisson",
        "Email": "ccharrisson20@surveymonkey.com",
        "Address": "8 Grasskamp Hill",
        "CityName": "Mendenrejo",
        "Country": "Indonesia"
    },
    {
        "UserName": "rwychard21",
        "FirstName": "Rozanna",
        "LastName": "Wychard",
        "Email": "rwychard21@acquirethisname.com",
        "Address": "58583 Lotheville Pass",
        "CityName": "San Pedro",
        "Country": "Mexico"
    },
    {
        "UserName": "cbellee22",
        "FirstName": "Cissy",
        "LastName": "Bellee",
        "Email": "cbellee22@mysql.com",
        "Address": "6121 South Center",
        "CityName": "Aemura",
        "Country": "Indonesia"
    },
    {
        "UserName": "jcrates23",
        "FirstName": "Justin",
        "LastName": "Crates",
        "Email": "jcrates23@mail.ru",
        "Address": "7 Annamark Place",
        "CityName": "Calçada",
        "Country": "Portugal"
    },
    {
        "UserName": "fweildish24",
        "FirstName": "Fanni",
        "LastName": "Weildish",
        "Email": "fweildish24@nationalgeographic.com",
        "Address": "82 Darwin Pass",
        "CityName": "Donostia-San Sebastian",
        "Country": "Spain"
    },
    {
        "UserName": "esalmond25",
        "FirstName": "Ettie",
        "LastName": "Salmond",
        "Email": "esalmond25@wsj.com",
        "Address": "7 Glendale Alley",
        "CityName": "Kolno",
        "Country": "Poland"
    },
    {
        "UserName": "dlingwood26",
        "FirstName": "Darill",
        "LastName": "Lingwood",
        "Email": "dlingwood26@jalbum.net",
        "Address": "4945 Ilene Crossing",
        "CityName": "Meiyuan Xincun",
        "Country": "China"
    },
    {
        "UserName": "bpopelay27",
        "FirstName": "Brittne",
        "LastName": "Popelay",
        "Email": "bpopelay27@soup.io",
        "Address": "4132 Springs Alley",
        "CityName": "Nikolayevka",
        "Country": "Russia"
    },
    {
        "UserName": "msotham28",
        "FirstName": "Mikael",
        "LastName": "Sotham",
        "Email": "msotham28@phpbb.com",
        "Address": "040 Rowland Point",
        "CityName": "Capulaan",
        "Country": "Philippines"
    },
    {
        "UserName": "ablamey29",
        "FirstName": "Ashlan",
        "LastName": "Blamey",
        "Email": "ablamey29@yelp.com",
        "Address": "1 Thompson Way",
        "CityName": "Adelaide",
        "Country": "South Africa"
    },
    {
        "UserName": "espybey2a",
        "FirstName": "Eydie",
        "LastName": "Spybey",
        "Email": "espybey2a@123-reg.co.uk",
        "Address": "8396 Debs Avenue",
        "CityName": "Marićka",
        "Country": "Bosnia and Herzegovina"
    },
    {
        "UserName": "hdottridge2b",
        "FirstName": "Hakim",
        "LastName": "Dottridge",
        "Email": "hdottridge2b@pinterest.com",
        "Address": "0982 Grasskamp Avenue",
        "CityName": "Frederiksberg",
        "Country": "Denmark"
    },
    {
        "UserName": "kchidlow2c",
        "FirstName": "Kipp",
        "LastName": "Chidlow",
        "Email": "kchidlow2c@alexa.com",
        "Address": "64 Ridgeway Way",
        "CityName": "Huancarqui",
        "Country": "Peru"
    },
    {
        "UserName": "cabbet2d",
        "FirstName": "Coriss",
        "LastName": "Abbet",
        "Email": "cabbet2d@artisteer.com",
        "Address": "16 Morningstar Place",
        "CityName": "Mar’’ina Horka",
        "Country": "Belarus"
    },
    {
        "UserName": "hniesel2e",
        "FirstName": "Hollie",
        "LastName": "Niesel",
        "Email": "hniesel2e@friendfeed.com",
        "Address": "1425 Swallow Court",
        "CityName": "Jindřichov",
        "Country": "Czech Republic"
    },
    {
        "UserName": "cjammes2f",
        "FirstName": "Christoper",
        "LastName": "Jammes",
        "Email": "cjammes2f@amazon.co.uk",
        "Address": "476 Oneill Road",
        "CityName": "Baiyun",
        "Country": "China"
    },
    {
        "UserName": "cfoxcroft2g",
        "FirstName": "Cullin",
        "LastName": "Foxcroft",
        "Email": "cfoxcroft2g@aol.com",
        "Address": "6 Londonderry Street",
        "CityName": "Besao",
        "Country": "Philippines"
    },
    {
        "UserName": "smumbey2h",
        "FirstName": "Sib",
        "LastName": "Mumbey",
        "Email": "smumbey2h@list-manage.com",
        "Address": "0 Crowley Place",
        "CityName": "Enköping",
        "Country": "Sweden"
    },
    {
        "UserName": "dadamovicz2i",
        "FirstName": "Dermot",
        "LastName": "Adamovicz",
        "Email": "dadamovicz2i@pbs.org",
        "Address": "8906 Blue Bill Park Court",
        "CityName": "Malanay",
        "Country": "Philippines"
    },
    {
        "UserName": "eshade2j",
        "FirstName": "Emile",
        "LastName": "Shade",
        "Email": "eshade2j@issuu.com",
        "Address": "5 Kennedy Court",
        "CityName": "Januária",
        "Country": "Brazil"
    },
    {
        "UserName": "gmacarthur2k",
        "FirstName": "Gwyn",
        "LastName": "MacArthur",
        "Email": "gmacarthur2k@telegraph.co.uk",
        "Address": "23 Granby Point",
        "CityName": "Khemisset",
        "Country": "Morocco"
    },
    {
        "UserName": "ccauson2l",
        "FirstName": "Chev",
        "LastName": "Causon",
        "Email": "ccauson2l@seattletimes.com",
        "Address": "82 Milwaukee Park",
        "CityName": "Bogoroditsk",
        "Country": "Russia"
    },
    {
        "UserName": "lhatchman2m",
        "FirstName": "Lotta",
        "LastName": "Hatchman",
        "Email": "lhatchman2m@craigslist.org",
        "Address": "72 La Follette Parkway",
        "CityName": "Qiankeng",
        "Country": "China"
    },
    {
        "UserName": "abelsham2n",
        "FirstName": "Ashli",
        "LastName": "Belsham",
        "Email": "abelsham2n@bandcamp.com",
        "Address": "35 Fairfield Lane",
        "CityName": "Pojok",
        "Country": "Indonesia"
    },
    {
        "UserName": "arusling2o",
        "FirstName": "Agnella",
        "LastName": "Rusling",
        "Email": "arusling2o@google.es",
        "Address": "525 Cardinal Crossing",
        "CityName": "Castlepollard",
        "Country": "Ireland"
    },
    {
        "UserName": "oizhakov2p",
        "FirstName": "Oates",
        "LastName": "Izhakov",
        "Email": "oizhakov2p@sphinn.com",
        "Address": "919 Sachtjen Crossing",
        "CityName": "Áyios Yeóryios",
        "Country": "Greece"
    },
    {
        "UserName": "sevesque2q",
        "FirstName": "Sutton",
        "LastName": "Evesque",
        "Email": "sevesque2q@boston.com",
        "Address": "330 Fieldstone Place",
        "CityName": "Kemiri Daya",
        "Country": "Indonesia"
    },
    {
        "UserName": "kkluss2r",
        "FirstName": "Kassey",
        "LastName": "Kluss",
        "Email": "kkluss2r@tumblr.com",
        "Address": "4 Lakewood Gardens Avenue",
        "CityName": "Panamá",
        "Country": "Panama"
    },
    {
        "UserName": "russellwhyte",
        "FirstName": "Russell",
        "LastName": "Whyte",
        "Email": "Russell@example.com",
        "Address": "187 Suffolk Ln.",
        "CityName": "Boise",
        "Country": "United States"
    }
]